{"cameraMode":{"drawMode":0,"name":"Shaded","section":"Shading Mode"},"sceneLighting":true,"audioPlay":false,"sceneViewState":{"showFog":true,"showMaterialUpdate":false,"showSkybox":true,"showFlares":true,"showImageEffects":true,"showParticleSystems":true},"in2DMode":false,"pivot":{"x":30.404449462890626,"y":-54.15585708618164,"z":-219.34573364257813},"rotation":{"x":-0.008660177700221539,"y":-0.9894123673439026,"z":0.12865906953811646,"w":-0.0665966048836708},"size":250.133544921875,"orthographic":false}